Gen, Top10AvgScore, TopScore, completionTime
1, 29.08455, 35.22844, -1
2, 41.20864, 45.23635, -1
3, 42.66451, 44.39773, -1
